{"cameraMode":{"drawMode":0,"name":"Shaded","section":"Shading Mode"},"sceneLighting":true,"audioPlay":false,"sceneViewState":{"m_AlwaysRefresh":false,"showFog":true,"showSkybox":true,"showFlares":true,"showImageEffects":true,"showParticleSystems":true,"showVisualEffectGraphs":true,"m_FxEnabled":true},"in2DMode":false,"pivot":{"x":1.9508442878723145,"y":0.24097973108291627,"z":4.986806869506836},"rotation":{"x":0.02984771504998207,"y":0.8096168637275696,"z":-0.04132632166147232,"w":0.5847418308258057},"size":4.627705097198486,"orthographic":false}